{
  "cv_scores": {},
  "evaluation_results": {
    "random_forest": {
      "logloss": 0.6080039483573029,
      "accuracy": 0.7853102779573368,
      "confusion_matrix": [
        [
          153,
          7,
          1,
          0,
          0,
          48,
          10,
          81,
          86
        ],
        [
          1,
          2841,
          303,
          13,
          18,
          10,
          23,
          7,
          8
        ],
        [
          0,
          881,
          682,
          5,
          0,
          3,
          17,
          11,
          2
        ],
        [
          0,
          299,
          124,
          89,
          3,
          17,
          4,
          0,
          2
        ],
        [
          1,
          21,
          0,
          0,
          522,
          3,
          1,
          0,
          0
        ],
        [
          10,
          36,
          4,
          1,
          0,
          2643,
          39,
          54,
          40
        ],
        [
          4,
          71,
          42,
          2,
          1,
          58,
          341,
          44,
          5
        ],
        [
          10,
          14,
          3,
          0,
          0,
          54,
          16,
          1577,
          19
        ],
        [
          16,
          23,
          0,
          0,
          0,
          36,
          4,
          41,
          871
        ]
      ],
      "n_samples": 12376
    },
    "xgboost": {
      "logloss": 0.5326880257052886,
      "accuracy": 0.7925016160310278,
      "confusion_matrix": [
        [
          182,
          4,
          2,
          0,
          0,
          37,
          13,
          67,
          81
        ],
        [
          4,
          2697,
          426,
          32,
          11,
          10,
          28,
          6,
          10
        ],
        [
          2,
          768,
          768,
          25,
          0,
          2,
          25,
          7,
          4
        ],
        [
          0,
          206,
          124,
          182,
          4,
          13,
          6,
          1,
          2
        ],
        [
          0,
          15,
          2,
          0,
          527,
          3,
          1,
          0,
          0
        ],
        [
          12,
          33,
          5,
          4,
          0,
          2635,
          47,
          51,
          40
        ],
        [
          8,
          44,
          48,
          4,
          2,
          55,
          379,
          25,
          3
        ],
        [
          21,
          13,
          2,
          0,
          0,
          50,
          16,
          1565,
          26
        ],
        [
          25,
          19,
          2,
          0,
          1,
          31,
          3,
          37,
          873
        ]
      ],
      "n_samples": 12376
    },
    "mlp": {
      "logloss": 0.531992152700171,
      "accuracy": 0.7948448610213316,
      "confusion_matrix": [
        [
          196,
          4,
          3,
          0,
          1,
          41,
          14,
          47,
          80
        ],
        [
          11,
          2841,
          261,
          45,
          11,
          13,
          31,
          3,
          8
        ],
        [
          3,
          889,
          625,
          32,
          1,
          1,
          40,
          7,
          3
        ],
        [
          0,
          213,
          83,
          220,
          3,
          11,
          6,
          0,
          2
        ],
        [
          0,
          16,
          1,
          0,
          527,
          0,
          1,
          2,
          1
        ],
        [
          17,
          27,
          2,
          4,
          0,
          2637,
          52,
          44,
          44
        ],
        [
          21,
          54,
          30,
          7,
          0,
          49,
          388,
          12,
          7
        ],
        [
          33,
          16,
          1,
          0,
          0,
          45,
          20,
          1547,
          31
        ],
        [
          42,
          19,
          0,
          0,
          0,
          32,
          4,
          38,
          856
        ]
      ],
      "n_samples": 12376
    },
    "logistic": {
      "logloss": 0.6840904253462129,
      "accuracy": 0.751131221719457,
      "confusion_matrix": [
        [
          96,
          13,
          1,
          0,
          1,
          74,
          9,
          87,
          105
        ],
        [
          2,
          2843,
          273,
          30,
          20,
          12,
          20,
          15,
          9
        ],
        [
          1,
          1120,
          429,
          12,
          0,
          2,
          26,
          8,
          3
        ],
        [
          1,
          295,
          53,
          147,
          4,
          21,
          14,
          2,
          1
        ],
        [
          0,
          26,
          0,
          0,
          520,
          0,
          0,
          2,
          0
        ],
        [
          10,
          43,
          1,
          11,
          3,
          2597,
          48,
          61,
          53
        ],
        [
          9,
          101,
          37,
          7,
          1,
          82,
          298,
          29,
          4
        ],
        [
          29,
          26,
          3,
          0,
          0,
          70,
          25,
          1517,
          23
        ],
        [
          21,
          34,
          0,
          1,
          2,
          42,
          2,
          40,
          849
        ]
      ],
      "n_samples": 12376
    }
  },
  "best_model_name": "mlp",
  "use_calibration": true,
  "use_ensemble": false
}